Bairro,População,Criticidade,Impacto (m2),Custo (R$ mil),Coordenadas,Prioridade
Cidade Olímpica,29607,5,1237,44,"-22.836738, -43.474105",137.2986897950518
Nova Posse,16046,5,1095,39,"-22.716052, -43.431221",137.11939295494884
Zumbi,21857,5,973,35,"-22.72416, -43.451249",135.76698250388634
Santo Elias,5885,4,1108,30,"-22.851852, -43.580564",144.29718620077318
Boa Esperança,8356,4,1061,36,"-22.803333, -43.557263",115.1468972315135
