ID,Bairro,População,Criticidade,Impacto (m³),Custo (R$ mil),Coordenadas,Prioridade
3,Moquetá,7106,5,1200,80,"-22.756, -43.460",75.0
2,Bairro da Luz,23823,5,1000,70,"-22.750, -43.470",71.42857142857143
1,Centro,25806,4,1100,70,"-22.755, -43.460",62.857142857142854
4,Comendador Soares,23431,4,1100,75,"-22.740, -43.460",58.666666666666664
8,Cabuçu,29731,4,850,65,"-22.790, -43.510",52.30769230769231
